DeviceName,SerialNumber,Location,Department,GroupID
NYC-PC-001,SN12345678,NYC,Corporate,201
NYC-PC-002,SN23456789,NYC,Corporate,201
NYC-LAP-001,SN34567890,NYC,Executive,201
LA-PC-001,SN45678901,LA,Retail,202
LA-PC-002,SN56789012,LA,Retail,202
LA-LAP-001,SN67890123,LA,Manager,202
CHI-PC-001,SN78901234,CHI,Corporate,203
CHI-PC-002,SN89012345,CHI,Corporate,203
CHI-LAP-001,SN90123456,CHI,Developer,203
SF-PC-001,SN01234567,SF,Engineering,204
SF-PC-002,SN11223344,SF,Engineering,204
SF-LAP-001,SN22334455,SF,Engineering,204
